,movie_name,genre
0,Madea's Family Reunion,Comedy
1,Krrish,Action
2,End of the Spear,Drama
3,A Prairie Home Companion,Comedy
4,Saw III,Horror
5,Employee of the Month,Comedy
6,Edmond,Black Comedy
7,Peaceful Warrior,Drama
8,Turistas,Thriller/Suspense
9,Kabhi Alvida Naa Kehna,Drama
10,Jackass: Number Two,Comedy
11,Copying Beethoven,Drama
12,For Your Consideration,Comedy
13,Crank,Action
14,Fateless,Drama
15,Running With Scissors,Comedy
16,Step Up,Drama
17,Find Me Guilty,Drama
18,Infamous,Drama
19,Letters from Iwo Jima,Drama
20,Little Children,Drama
21,Catch a Fire,Thriller/Suspense
22,Bobby,Drama
23,An American Haunting,Horror
24,Manderlay,Drama
25,Idlewild,Musical
26,The Marine,Action
27,The Queen,Drama
28,Flicka,Drama
29,Hoot,Adventure
30,When a Stranger Calls,Horror
31,Slither,Horror
32,El Laberinto del Fauno,Horror
33,The Texas Chainsaw Massacre: The Beginning,Horror
34,The Illusionist,Drama
35,FUR: An Imaginary Portrait of Diane Arbus,Drama
36,The Hills Have Eyes,Horror
37,American Dreamz,Black Comedy
38,Larry the Cable Guy: Health Inspector,Comedy
39,ATL,Comedy
40,Running Scared,Action
41,Beerfest,Comedy
42,United 93,Drama
43,Borat,Comedy
44,Renaissance,Action
45,Indigènes,Drama
46,The Painted Veil,Drama
47,Doogal,Adventure
48,The Proposition,Drama
49,Stay Alive,Horror
50,One Night with the King,Drama
51,School for Scoundrels,Comedy
52,Date Movie,Comedy
53,The Covenant,Thriller/Suspense
54,Stick It,Comedy
55,Man of the Year,Comedy
56,A Scanner Darkly,Thriller/Suspense
57,Babel,Drama
58,The Grudge 2,Horror
59,Pulse,Horror
60,Joyeux Noël,Drama
61,Rocky Balboa,Drama
62,Unaccompanied Minors,Adventure
63,BloodRayne,Action
64,The Omen,Horror
65,She's the Man,Romantic Comedy
66,Nanny McPhee,Adventure
67,Final Destination 3,Horror
68,Lucky Number Slevin,Thriller/Suspense
69,Notes on a Scandal,Drama
70,Just My Luck,Romantic Comedy
71,Miss Potter,Drama
72,Gridiron Gang,Drama
73,Stranger Than Fiction,Comedy
74,Ultraviolet,Action
75,My Super Ex-Girlfriend,Comedy
76,Wu ji,Action
77,Take the Lead,Drama
78,Glory Road,Drama
79,Nacho Libre,Comedy
80,The Good German,Drama
81,Snakes on a Plane,Thriller/Suspense
82,Goal! The Dream Begins,Drama
83,The Fountain,Drama
84,Bandidas,Western
85,The Nativity Story,Drama
86,The Benchwarmers,Comedy
87,The Devil Wears Prada,Comedy
88,Zoom,Adventure
89,A Good Year,Drama
90,Marie Antoinette,Drama
91,Big Momma's House 2,Comedy
92,Alex Rider: Operation Stormbreaker,Action
93,Eight Below,Adventure
94,The Lake House,Drama
95,Scary Movie 4,Comedy
96,Apocalypto,Action
97,Invincible,Drama
98,The Prestige,Thriller/Suspense
99,Music and Lyrics,Romantic Comedy
100,Les Bronzés 3: amis pour la vie,Comedy
101,Underworld: Evolution,Action
102,The Ant Bully,Adventure
103,Man cheng jin dai huang jin jia,Action
104,Last Holiday,Comedy
105,16 Blocks,Action
106,Happily N'Ever After,Adventure
107,Failure to Launch,Romantic Comedy
108,Silent Hill,Horror
109,V for Vendetta,Action
110,Inside Man,Thriller/Suspense
111,Firewall,Thriller/Suspense
112,Deck the Halls,Comedy
113,Barnyard: The Original Party Animals,Adventure
114,The Break-Up,Romantic Comedy
115,Flags of Our Fathers,Drama
116,"You, Me and Dupree",Comedy
117,R.V.,Adventure
118,The Pursuit of Happyness,Drama
119,All the King's Men,Drama
120,The Shaggy Dog,Comedy
121,The Black Dahlia,Thriller/Suspense
122,Flyboys,Drama
123,The Sentinel,Thriller/Suspense
124,Perfume: The Story of a Murderer,Drama
125,Little Man,Comedy
126,We Are Marshall,Drama
127,World Trade Center,Drama
128,The Guardian,Action
129,Basic Instinct 2,Thriller/Suspense
130,Talladega Nights: The Ballad of Ricky Bobby,Comedy
131,Ice Age: The Meltdown,Adventure
132,Monster House,Adventure
133,Lady in the Water,Drama
134,Dreamgirls,Musical
135,Children of Men,Thriller/Suspense
136,Arthur et les Minimoys,Adventure
137,The Pink Panther,Adventure
138,The Wild,Adventure
139,Déjà Vu,Thriller/Suspense
140,Click,Comedy
141,Charlotte's Web,Drama
142,Happy Feet,Adventure
143,The Holiday,Romantic Comedy
144,The Fast and the Furious: Tokyo Drift,Action
145,Open Season,Adventure
146,The Departed,Drama
147,Blood Diamond,Action
148,Eragon,Adventure
149,Casino Royale,Action
150,Night at the Museum,Adventure
151,The Da Vinci Code,Thriller/Suspense
152,Miami Vice,Action
153,Flushed Away,Adventure
154,Mission: Impossible III,Action
155,Bee Movie,Adventure
156,Poseidon,Adventure
157,X-Men: The Last Stand,Action
158,Pirates of the Caribbean: Dead Man’s Chest,Adventure
159,Superman Returns,Adventure
160,Saw IV,Horror
161,Rescue Dawn,Action
162,The Brothers Solomon,Comedy
163,Severance,Comedy
164,White Noise 2: The Light,Horror
165,Reno 911!: Miami,Comedy
166,King of California,Drama
167,Blonde Ambition,Comedy
168,The Ten Commandments,Adventure
169,September Dawn,Drama
170,In the Land of Women,Comedy
171,Jindabyne,Drama
172,Romance and Cigarettes,Comedy
173,St. Trinian’s,Comedy
174,Gwoemul,Action
176,Trade,Drama
177,Lars and the Real Girl,Comedy
178,Resurrecting the Champ,Drama
179,This Christmas,Drama
180,The Astronaut Farmer,Drama
181,The Mist,Horror
182,I Think I Love My Wife,Romantic Comedy
183,Stomp the Yard,Drama
184,Le Scaphandre et le Papillon,Drama
185,Halloween,Horror
186,Black Snake Moan,Drama
187,The Hills Have Eyes II,Horror
188,Why Did I Get Married?,Romantic Comedy
189,Se jie,Drama
190,A Mighty Heart,Drama
191,28 Weeks Later,Horror
192,The Great Debaters,Drama
193,Blood and Chocolate,Horror
194,The Pirates Who Don't Do Anything: A VeggieTales Movie,Adventure
195,The Good Night,Romantic Comedy
196,La Môme,Drama
197,Slow Burn,Thriller/Suspense
198,The Messengers,Horror
199,Hot Fuzz,Comedy
200,Things We Lost in the Fire,Drama
201,Becoming Jane,Romantic Comedy
202,Arn - Tempelriddaren,Action
203,Sydney White,Comedy
204,Smokin' Aces,Comedy
205,Southland Tales,Musical
207,Superbad,Comedy
208,"Gone, Baby, Gone",Drama
209,Code Name: The Cleaner,Comedy
210,Reign Over Me,Drama
211,Nancy Drew,Thriller/Suspense
212,Dead Silence,Horror
213,Into the Wild,Drama
214,Disturbia,Thriller/Suspense
215,Georgia Rule,Drama
216,The Kite Runner,Drama
217,I’m Not There,Drama
218,Death Sentence,Action
219,Epic Movie,Comedy
220,Premonition,Thriller/Suspense
221,Death at a Funeral,Comedy
222,Freedom Writers,Drama
223,Michael Clayton,Drama
224,Molière,Comedy
225,The Game Plan,Comedy
226,Zwartboek,Thriller/Suspense
227,1408,Horror
228,In the Valley of Elah,Drama
230,Hitman,Action
231,War,Action
232,Mr. Bean’s Holiday,Adventure
233,Good Luck Chuck,Romantic Comedy
234,Hot Rod,Comedy
235,August Rush,Drama
236,No Country for Old Men,Action
237,There Will Be Blood,Drama
238,The Hoax,Drama
239,Bridge to Terabithia,Drama
240,Martian Child,Drama
241,Knocked Up,Romantic Comedy
242,Rendition,Thriller/Suspense
243,Alatriste,Adventure
244,We Own the Night,Drama
245,No Reservations,Romantic Comedy
246,DOA: Dead or Alive,Action
247,P.S. I Love You,Romantic Comedy
248,30 Days of Night,Horror
249,Genghis Khan: To the Ends of the Earth and Sea,Drama
250,Atonement,Drama
251,Evening,Drama
252,Goodbye Bafana,Drama
253,The Assassination of Jesse James by the Coward Robert Ford,Western
254,The Number 23,Thriller/Suspense
255,Dragon Wars: D-War,Action
256,TMNT,Action
257,Lions for Lambs,Drama
258,Walk Hard: The Dewey Cox Story,Comedy
259,License to Wed,Romantic Comedy
260,Virgin Territory,Drama
261,Because I Said So,Comedy
262,Shoot 'Em Up,Action
263,Aliens vs. Predator - Requiem,Action
264,The Hunting Party,Adventure
265,The Reaping,Horror
266,Nomad,Drama
267,The Water Horse: Legend of the Deep,Drama
268,Sunshine,Thriller/Suspense
269,Love in the Time of Cholera,Drama
270,The Bucket List,Comedy
271,Resident Evil: Extinction,Action
272,Across the Universe,Musical
273,3:10 to Yuma,Western
274,Hannibal Rising,Thriller/Suspense
275,Eastern Promises,Thriller/Suspense
276,Grindhouse,Horror
277,Elizabeth: The Golden Age,Drama
278,Alvin and the Chipmunks,Adventure
279,Lucky You,Drama
280,Wild Hogs,Comedy
281,300,Action
282,Shooter,Thriller/Suspense
283,Blades of Glory,Comedy
284,The Last Legion,Action
285,The Brave One,Drama
286,Stardust,Adventure
287,Next,Action
288,The Simpsons Movie,Adventure
289,The Kingdom,Action
290,Hairspray,Musical
291,Charlie Wilson's War,Drama
292,The Invasion,Thriller/Suspense
293,Zodiac,Thriller/Suspense
294,Enchanted,Romantic Comedy
295,I Now Pronounce You Chuck and Larry,Comedy
296,Ocean's Thirteen,Adventure
297,American Gangster,Drama
298,Surf's Up,Adventure
299,Live Free or Die Hard,Action
300,Ghost Rider,Action
301,Fantastic Four: Rise of the Silver Surfer,Action
302,The Bourne Ultimatum,Thriller/Suspense
303,I am Legend,Horror
304,Ratatouille,Adventure
305,Harry Potter and the Order of the Phoenix,Adventure
306,Beowulf,Adventure
307,Transformers,Action
308,Shrek the Third,Adventure
309,Evan Almighty,Comedy
310,Rush Hour 3,Action
311,The Golden Compass,Adventure
312,Spider-Man 3,Adventure
313,Pirates of the Caribbean: At World’s End,Adventure
314,Fifty Dead Men Walking,Drama
315,The Oxford Murders,Thriller/Suspense
316,Nick and Norah's Infinite Playlist,Drama
317,Over Her Dead Body,Comedy
318,Kit Kittredge: An American Girl,Drama
319,My Blueberry Nights,Drama
321,"Run, Fatboy, Run",Comedy
322,Joheunnom nabbeunnom isanghannom,Action
323,"War, Inc.",Black Comedy
324,Saw V,Horror
325,The Secret Life of Bees,Drama
326,High School Musical 3: Senior Year,Musical
327,The Eye,Thriller/Suspense
328,Quarantine,Horror
329,Life Before Her Eyes,Drama
330,Charlie Bartlett,Comedy
331,Cadillac Records,Drama
332,Married Life,Drama
333,Rachel Getting Married,Drama
334,Harold & Kumar Escape from Guantanamo Bay,Comedy
335,The Boy in the Striped Pyjamas,Drama
336,Män som hatar kvinnor,Thriller/Suspense
337,Ca$h,Comedy
338,Slumdog Millionaire,Drama
339,The Lucky Ones,Drama
340,Ong-Bak 2,Action
341,Transsiberian,Thriller/Suspense
342,Funny Games,Thriller/Suspense
343,Midnight Meat Train,Thriller/Suspense
344,U2 3D,Concert/Performance
345,In Bruges,Comedy
346,The Rocker,Comedy
347,Bathory,Drama
348,The Yellow Handkerchief,Drama
349,Good,Drama
350,Bienvenue chez les Ch'tis,Comedy
351,Vicky Cristina Barcelona,Comedy
352,The Women,Comedy
353,Chasseurs de dragons,Adventure
354,How She Move,Drama
355,Step Up 2 the Streets,Drama
356,Prom Night,Horror
357,RocknRolla,Action
358,Mongol,Drama
359,I Come with the Rain,Thriller/Suspense
360,Ne le dis à personne,Thriller/Suspense
361,Sex Drive,Comedy
362,Der Baader Meinhof Komplex,Action
363,Ghost Town,Romantic Comedy
364,The Bank Job,Thriller/Suspense
365,Admiral,Drama
366,Three Kingdoms: Resurrection of the Dragon,Action
367,The Children of Huang Shi,Drama
368,An American Carol,Comedy
369,Strange Wilderness,Comedy
370,Milk,Drama
371,One Missed Call,Horror
372,Meet the Browns,Comedy
373,Flash of Genius,Drama
374,Lakeview Terrace,Thriller/Suspense
375,Be Kind Rewind,Comedy
376,Disaster Movie,Comedy
377,Appaloosa,Western
378,長江七號 (CJ7),Adventure
379,Beverly Hills Chihuahua,Adventure
380,The Stepfather,Thriller/Suspense
381,My Best Friend's Girl,Comedy
382,"Synecdoche, New York",Drama
383,Doubt,Drama
384,Street Kings,Thriller/Suspense
385,Passchendaele,Drama
386,Swing Vote,Comedy
387,Never Back Down,Action
388,Mad Money,Comedy
389,Traitor,Thriller/Suspense
390,Igor,Adventure
391,Rogue,Horror
392,The Longshots,Drama
393,Zack and Miri Make a Porno,Comedy
394,Cloverfield,Action
395,Stop-Loss,Drama
396,Deception,Thriller/Suspense
397,Gran Torino,Drama
398,The House Bunny,Comedy
399,Blindness,Thriller/Suspense
400,Fly Me To the Moon,Adventure
401,The Ruins,Horror
402,W.,Drama
403,Pineapple Express,Comedy
404,What Just Happened,Comedy
405,The Duchess,Drama
406,The Sisterhood of the Traveling Pants 2,Adventure
407,Welcome Home Roscoe Jenkins,Comedy
408,Role Models,Comedy
409,How to Lose Friends & Alienate People,Comedy
410,Frost/Nixon,Drama
411,88 Minutes,Thriller/Suspense
412,Forgetting Sarah Marshall,Comedy
413,Meet the Spartans,Comedy
414,27 Dresses,Romantic Comedy
415,Baby Mama,Comedy
416,Pride and Glory,Drama
417,The Reader,Drama
418,Doomsday,Action
419,Mirrors,Horror
420,What Happens in Vegas...,Romantic Comedy
421,The X-Files: I Want to Believe,Action
422,Untraceable,Thriller/Suspense
423,The Young Victoria,Drama
424,Superhero Movie,Comedy
425,Max Payne,Action
426,21,Thriller/Suspense
427,Punisher: War Zone,Action
428,Burn After Reading,Black Comedy
429,Space Chimps,Adventure
430,Twilight,Drama
431,Nim's Island,Adventure
432,The Express,Drama
433,City of Ember,Adventure
434,Delgo,Adventure
435,Made of Honor,Romantic Comedy
436,Red Cliff,Action
437,Transporter 3,Action
438,Drillbit Taylor,Comedy
439,Soul Men,Comedy
440,The Other Boleyn Girl,Drama
441,Vantage Point,Thriller/Suspense
442,Bangkok Dangerous,Action
443,Revolutionary Road,Drama
444,Miracle at St. Anna,Drama
445,Babylon A.D.,Action
446,Journey to the Center of the Earth,Adventure
447,Rambo,Action
448,Defiance,Drama
449,Yes Man,Comedy
450,Mamma Mia!,Musical
451,Seven Pounds,Drama
452,Semi-Pro,Comedy
453,The Forbidden Kingdom,Action
454,Changeling,Thriller/Suspense
455,Sex and the City,Comedy
456,Leatherheads,Romantic Comedy
457,"Che, Part 1: The Argentine",Drama
458,The Spirit,Action
459,Marley & Me,Comedy
460,Righteous Kill,Thriller/Suspense
461,The Tale of Despereaux,Adventure
462,The Happening,Thriller/Suspense
463,In the Name of the King: A Dungeon Siege Tale,Action
464,Meet Dave,Adventure
465,The Love Guru,Comedy
466,Step Brothers,Comedy
467,Death Race,Action
468,Body of Lies,Thriller/Suspense
469,Fool's Gold,Adventure
470,Wanted,Action
471,Bedtime Stories,Adventure
472,Eagle Eye,Thriller/Suspense
473,Get Smart,Comedy
474,The Day the Earth Stood Still,Adventure
475,Four Christmases,Comedy
476,Jumper,Adventure
477,Hellboy II: The Golden Army,Action
478,Horton Hears a Who,Adventure
479,Valkyrie,Thriller/Suspense
480,You Don't Mess With the Zohan,Comedy
481,Tropic Thunder,Comedy
482,The Spiderwick Chronicles,Adventure
483,"10,000 B.C.",Adventure
484,Astérix aux Jeux Olympiques,Adventure
485,Speed Racer,Action
486,Australia,Drama
487,Kung Fu Panda,Adventure
488,The Incredible Hulk,Adventure
489,Madagascar: Escape 2 Africa,Adventure
490,Hancock,Action
491,Bolt,Adventure
492,The Curious Case of Benjamin Button,Drama
493,The Mummy: Tomb of the Dragon Emperor,Adventure
494,WALL-E,Adventure
495,Indiana Jones and the Kingdom of the Crystal Skull,Adventure
496,The Dark Knight,Action
497,Iron Man,Adventure
498,The Chronicles of Narnia: Prince Caspian,Adventure
499,Quantum of Solace,Action
500,Precious (Based on the Novel Push by Sapphire),Drama
501,The Open Road,Drama
502,Motherhood,Comedy
503,The Good Guy,Romantic Comedy
504,Janky Promoters,Comedy
505,High School,Comedy
506,World's Greatest Dad,Black Comedy
507,"The Goods: Live Hard, Sell Hard",Comedy
510,The Fourth Kind,Thriller/Suspense
511,Saw VI,Horror
512,Just Wright,Romantic Comedy
514,Home,Documentary
515,Nanjing! Nanjing!,Drama
516,Ondine,Drama
517,Two Lovers,Drama
518,San qiang pai an jing qi,Drama
519,Solitary Man,Drama
520,The Perfect Game,Drama
521,Sorority Row,Horror
522,Un Prophète,Drama
523,Margaret,Drama
524,Les herbes folles,Thriller/Suspense
525,A Perfect Getaway,Thriller/Suspense
526,Stan Helsing: A Parody,Comedy
527,My Bloody Valentine,Horror
528,Easy Virtue,Romantic Comedy
529,The Hurt Locker,Drama
530,Post Grad,Romantic Comedy
531,San suk si gin,Drama
532,Whip It,Comedy
533,The Last House on the Left,Horror
534,Halloween 2,Horror
535,All About Steve,Romantic Comedy
536,Whatever Works,Romantic Comedy
537,The Unborn,Horror
538,Jennifer's Body,Thriller/Suspense
540,Hachiko: A Dog's Story,Drama
541,Beastly,Drama
542,My Life in Ruins,Romantic Comedy
543,Friday the 13th,Horror
544,Brooklyn's Finest,Thriller/Suspense
545,Madea Goes To Jail,Comedy
546,Love Happens,Drama
547,Das Weisse Band: Eine deutsche Kindergeschichte,Drama
548,Mao's Last Dancer,Drama
549,The Informers,Thriller/Suspense
550,"I Love You, Beth Cooper",Comedy
551,Observe and Report,Comedy
552,Fame,Musical
553,The Invention of Lying,Comedy
554,Notorious,Drama
555,Leap Year,Romantic Comedy
556,I Can Do Bad All By Myself,Comedy
557,The Burning Plain,Drama
558,12 Rounds,Action
559,Crank 2: High Voltage,Thriller/Suspense
560,Bandslam,Comedy
561,Why Did I Get Married Too?,Drama
562,Armored,Thriller/Suspense
563,Shorts,Adventure
564,Everybody's Fine,Drama
565,The Last Song,Drama
566,The Brothers Bloom,Black Comedy
567,Fired Up,Comedy
568,Capitalism: A Love Story,Documentary
569,Orphan,Drama
570,Obsessed,Thriller/Suspense
571,Away We Go,Comedy
572,The Informant!,Thriller/Suspense
573,Coco avant Chanel,Drama
574,Shi Yue Wei Cheng,Action
575,Chéri,Drama
576,Zombieland,Comedy
577,The Men Who Stare at Goats,Black Comedy
578,Faster,Action
579,Love Ranch,Drama
580,Fighting,Action
582,The Box,Thriller/Suspense
583,Bad Lieutenant: Port of Call New Orleans,Drama
584,Me and Orson Welles,Drama
585,Taken,Thriller/Suspense
586,Dance Flick,Comedy
587,The Road,Drama
588,Brothers,Drama
589,Paul Blart: Mall Cop,Adventure
590,My Sister's Keeper,Drama
591,The Spy Next Door,Adventure
592,Taking Woodstock,Drama
593,Bride Wars,Comedy
594,Le Petit Nicolas,Adventure
595,Up in the Air,Drama
596,District 9,Thriller/Suspense
597,Hannah Montana the Movie,Drama
598,Dragonball Evolution,Adventure
599,The Imaginarium of Doctor Parnassus,Adventure
600,Drag Me To Hell,Horror
601,9,Adventure
602,Splice,Horror
603,Barney's Version,Drama
604,Extraordinary Measures,Drama
605,Takers,Drama
606,Gake no ue no Ponyo,Adventure
607,Whiteout,Thriller/Suspense
608,The Back-up Plan,Romantic Comedy
609,Old Dogs,Comedy
610,The Hangover,Comedy
611,Hotel for Dogs,Adventure
612,The Blind Side,Drama
613,Underworld 3: Rise of the Lycans,Action
614,Hot Tub Time Machine,Comedy
615,Obitaemyy ostrov,Action
616,The Ugly Truth,Romantic Comedy
617,Push,Thriller/Suspense
618,The Time Traveler's Wife,Drama
619,Pandorum,Horror
620,The Proposal,Romantic Comedy
621,He's Just Not That Into You,Romantic Comedy
622,Amelia,Drama
623,Julie & Julia,Comedy
624,"I Love You, Man",Comedy
625,17 Again,Comedy
626,Fantastic Mr. Fox,Adventure
627,The Final Destination,Horror
628,Cirque du Freak: The Vampire's Assistant,Action
629,The Karate Kid,Adventure
630,Brüno,Comedy
631,Micmacs,Comedy
632,Aliens in the Attic,Adventure
633,Mr. Nobody,Drama
634,Earth,Documentary
635,Street Fighter: The Legend of Chun-Li,Action
636,Race to Witch Mountain,Adventure
637,Knowing,Thriller/Suspense
638,The International,Thriller/Suspense
639,The Boat That Rocked,Comedy
640,Outlander,Adventure
641,The Twilight Saga: New Moon,Drama
642,Gamer,Action
643,Ninja Assassin,Action
644,Marmaduke,Adventure
645,Valentine's Day,Romantic Comedy
646,From Paris With Love,Thriller/Suspense
647,Law Abiding Citizen,Thriller/Suspense
648,Imagine That,Adventure
649,Red Tails,Action
650,Did You Hear About the Morgans?,Romantic Comedy
651,The Soloist,Drama
652,Year One,Comedy
653,State of Play,Thriller/Suspense
654,Duplicity,Thriller/Suspense
655,Inkheart,Adventure
656,Planet 51,Adventure
657,Couples Retreat,Comedy
658,Michael Jackson's This Is It,Documentary
659,Invictus,Drama
660,Coraline,Adventure
661,Astro Boy,Adventure
662,Alvin and the Chipmunks: The Squeakquel,Adventure
663,Agora,Drama
664,Inglourious Basterds,Action
665,Funny People,Comedy
666,Killers,Action
667,Surrogates,Action
668,Shutter Island,Thriller/Suspense
669,Nine,Musical
670,It’s Complicated,Romantic Comedy
671,Fast & Furious,Action
672,Ice Age: Dawn of the Dinosaurs,Adventure
673,Sherlock Holmes,Adventure
674,The Lovely Bones,Drama
675,Cloudy with a Chance of Meatballs,Adventure
676,Land of the Lost,Comedy
677,Where the Wild Things Are,Adventure
678,Public Enemies,Drama
679,The Princess and the Frog,Adventure
680,The Taking of Pelham 123,Action
681,Watchmen,Action
682,Star Trek,Adventure
683,Night at the Museum: Battle of the Smithsonian,Adventure
684,X-Men Origins: Wolverine,Action
685,Angels & Demons,Thriller/Suspense
686,G-Force,Adventure
687,Monsters vs. Aliens,Adventure
688,Up,Adventure
689,G.I. Joe: The Rise of Cobra,Action
690,Disney’s A Christmas Carol,Drama
691,2012,Action
692,Terminator Salvation,Action
693,Transformers: Revenge of the Fallen,Action
694,Harry Potter and the Half-Blood Prince,Adventure
695,Avatar,Action
696,You Got Served: Beat The World,Drama
697,A Better Life,Drama
698,Cedar Rapids,Comedy
699,Blood Done Sign My Name,Drama
700,MacGruber,Comedy
701,"Jeff, Who Lives at Home",Comedy
702,Devil,Horror
703,Bucky Larson: Born to Be a Star,Comedy
704,Welcome to the Rileys,Drama
705,Coriolanus,Drama
706,It's a Wonderful Afterlife,Comedy
707,Io sono l’amore,Drama
708,The Reef,Thriller/Suspense
709,Skyline,Thriller/Suspense
710,Housefull,Romantic Comedy
711,Brighton Rock,Drama
712,The Fighter,Drama
713,Darling Companion,Comedy
714,Kill the Irishman,Drama
715,Conviction,Drama
716,Casino Jack,Thriller/Suspense
717,Machete,Action
718,A Little Bit of Heaven,Romantic Comedy
719,Chloe,Thriller/Suspense
720,The Perks of Being a Wallflower,Drama
721,The Killer Inside Me,Drama
722,Justin Bieber: Never Say Never,Concert/Performance
723,Black Swan,Thriller/Suspense
724,"I Love You, Phillip Morris",Comedy
725,The Last Godfather,Comedy
726,Flipped,Romantic Comedy
727,Our Family Wedding,Comedy
728,Elle s'appelait Sarah,Drama
729,You Will Meet a Tall Dark Stranger,Drama
730,Country Strong,Drama
731,Winnie Mandela,Drama
732,Never Let Me Go,Drama
733,The King’s Speech,Drama
734,Diary of a Wimpy Kid,Adventure
735,Ramona and Beezus,Adventure
736,Centurion,Action
737,The Roommate,Thriller/Suspense
738,Enter the Void,Drama
739,Remember Me,Drama
740,L'illusionniste,Adventure
741,Lottery Ticket,Comedy
742,Saw 3D,Horror
743,Youth in Revolt,Comedy
744,Carlos,Drama
745,The Last Station,Drama
746,Soul Surfer,Drama
747,Diary of a Wimpy Kid: Rodrick Rules,Adventure
748,127 Hours,Drama
749,The Crazies,Horror
750,The Switch,Romantic Comedy
751,Take Me Home Tonight,Comedy
752,Let Me In,Thriller/Suspense
753,Jackass 3D,Comedy
754,Monte Carlo,Romantic Comedy
755,Vampires Suck,Comedy
756,The Descendants,Drama
757,Daybreakers,Horror
758,The Tempest,Drama
759,Dylan Dog: Dead of Night,Horror
760,The American,Thriller/Suspense
761,Middle Men,Comedy
762,The Debt,Thriller/Suspense
763,Alpha and Omega 3D,Adventure
764,The Oogieloves in the BIG Balloon Adventure,Adventure
765,You Again,Comedy
766,All Good Things,Drama
767,She's Out of My League,Romantic Comedy
768,A Very Harold & Kumar 3D Christmas,Comedy
769,What's Your Number?,Romantic Comedy
770,For Colored Girls,Drama
771,The Beaver,Comedy
772,Death at a Funeral,Comedy
773,Stone,Drama
774,Kari gurashi no Arietti,Adventure
775,Footloose,Musical
776,Piranha 3D,Horror
777,Dear John,Drama
778,Straw Dogs,Thriller/Suspense
779,On the Road,Drama
780,Don't Be Afraid of the Dark,Horror
781,Sammy's avonturen: De geheime doorgang,Adventure
782,The Losers,Action
783,The Conspirator,Drama
784,The Help,Drama
785,The Eagle,Action
786,My Soul to Take,Horror
787,No Strings Attached,Romantic Comedy
788,Warrior,Drama
789,August: Osage County,Black Comedy
790,Belka i Strelka. Zvezdnye sobaki,Adventure
791,Legion,Thriller/Suspense
792,Case 39,Horror
793,Limitless,Thriller/Suspense
794,Kick-Ass,Black Comedy
795,Larry Crowne,Romantic Comedy
796,Machine Gun Preacher,Drama
797,Love and Other Drugs,Drama
798,The Next Three Days,Thriller/Suspense
799,Hoodwinked Too: Hood vs. Evil,Adventure
800,Hanna,Drama
801,Konferenz der Tiere,Adventure
802,Midnight in Paris,Romantic Comedy
803,Fright Night,Horror
804,Step Up 3D,Drama
805,Winnie the Pooh,Adventure
806,Letters to Juliet,Drama
807,Sanctum,Adventure
808,The Cabin in the Woods,Thriller/Suspense
809,Going the Distance,Romantic Comedy
810,Repo Men,Action
811,"Big Mommas: Like Father, Like Son",Comedy
812,Source Code,Thriller/Suspense
813,Wanderlust,Comedy
814,The Darkest Hour,Action
815,A Nightmare on Elm Street,Horror
816,Secretariat,Drama
817,Something Borrowed,Romantic Comedy
818,Furry Vengeance,Adventure
819,The Tree of Life,Drama
820,Abduction,Thriller/Suspense
821,Nanny McPhee and the Big Bang,Adventure
822,Biutiful,Drama
823,True Grit,Western
824,Horrible Bosses,Comedy
825,Gnomeo and Juliet,Comedy
826,Cop Out,Comedy
827,The Rite,Horror
828,The Town,Drama
829,Life as We Know It,Romantic Comedy
830,Water for Elephants,Drama
831,The Social Network,Drama
832,Morning Glory,Comedy
833,Season of the Witch,Thriller/Suspense
834,Get Him to the Greek,Comedy
835,Arthur,Comedy
836,The Lincoln Lawyer,Thriller/Suspense
837,Unknown,Thriller/Suspense
838,Paul,Comedy
839,Predators,Action
840,Scream 4,Horror
841,The Big Year,Comedy
842,Red Riding Hood,Thriller/Suspense
843,The Warrior's Way,Western
844,The Mechanic,Action
845,Charlie St. Cloud,Drama
846,The Bounty Hunter,Romantic Comedy
847,The Rum Diary,Drama
848,The Ghost Writer,Thriller/Suspense
849,Arthur and the War of Two Worlds,Adventure
850,Jonah Hex,Action
851,Tooth Fairy,Adventure
852,Shanghai,Drama
853,I am Number Four,Adventure
854,Dream House,Horror
855,Your Highness,Comedy
856,Drive Angry,Action
857,Super 8,Thriller/Suspense
858,Moneyball,Drama
859,Upside Down,Romantic Comedy
860,Hereafter,Thriller/Suspense
861,"Crazy, Stupid, Love",Comedy
862,The Adjustment Bureau,Thriller/Suspense
863,Burlesque,Drama
864,Date Night,Comedy
865,Mr. Poppers's Penguins,Adventure
866,Ghost Rider: Spirit of Vengeance,Action
867,Resident Evil: Afterlife,Horror
868,Red,Action
869,Eat Pray Love,Drama
870,Priest,Horror
871,Edge of Darkness,Drama
872,Hop,Adventure
873,Red Dawn,Action
874,Due Date,Comedy
875,Hall Pass,Comedy
876,The Twilight Saga: Eclipse,Drama
877,Dinner for Schmucks,Comedy
878,Despicable Me,Adventure
879,Wall Street 2: Money Never Sleeps,Drama
880,Battle: Los Angeles,Action
881,The Dilemma,Comedy
882,Grown Ups,Comedy
883,Just Go With It,Romantic Comedy
884,Oceans,Documentary
885,Yogi Bear,Adventure
886,The Book of Eli,Action
887,Zookeeper,Romantic Comedy
888,The Expendables,Action
889,Scott Pilgrim vs. The World,Comedy
890,Cats & Dogs: The Revenge of Kitty Galore,Adventure
891,Conan the Barbarian,Action
892,The Nutcracker in 3D,Musical
893,Sex and the City 2,Comedy
894,Unstoppable,Action
895,Percy Jackson & the Olympians: The Lightning Thief,Adventure
896,The Tourist,Thriller/Suspense
897,Little Fockers,Comedy
898,Green Zone,Drama
899,The Other Guys,Comedy
900,Legend of the Guardians: The Owls of Ga'Hoole,Adventure
901,The Green Hornet,Action
902,Real Steel,Action
903,The A-Team,Action
904,Gulliver's Travels,Adventure
905,Knight and Day,Action
906,How Do You Know?,Romantic Comedy
907,Clash of the Titans,Action
908,Harry Potter and the Deathly Hallows: Part I,Adventure
909,Megamind,Adventure
910,Salt,Thriller/Suspense
911,The Wolfman,Horror
912,The Last Airbender,Adventure
913,Mars Needs Moms,Adventure
914,The Chronicles of Narnia: The Voyage of the Dawn Treader,Adventure
915,Inception,Thriller/Suspense
916,The Sorcerer's Apprentice,Adventure
917,How to Train Your Dragon,Adventure
918,Shrek Forever After,Adventure
919,Iron Man 2,Action
920,Tron: Legacy,Adventure
921,Alice in Wonderland,Adventure
922,Prince of Persia: Sands of Time,Action
923,Toy Story 3,Adventure
924,Robin Hood,Action
925,Tangled,Musical
926,My Week with Marilyn,Drama
927,Movie 43,Comedy
928,Killer Joe,Black Comedy
929,The Best Exotic Marigold Hotel,Comedy
930,Seeking a Friend for the End of the World,Comedy
931,Les Intouchables,Comedy
932,LOL,Comedy
933,Quartet,Comedy
934,Project X,Comedy
935,Chronicle,Thriller/Suspense
936,Young Adult,Comedy
937,For Greater Glory: The True Story of Cristiada,Action
938,Arbitrage,Thriller/Suspense
939,Tu Xia Chuan Qi,Adventure
940,Stoker,Drama
941,Act of Valor,Action
942,5 Days of War,Drama
943,In The Land of Blood and Honey,Drama
944,Attack the Block,Action
945,The Iron Lady,Drama
946,Tyler Perry's Good Deeds,Drama
947,Reign of Assassins,Action
948,The Possession,Horror
949,The Woman in Black,Thriller/Suspense
950,The Son of No One,Drama
951,One Day,Drama
952,A Few Best Men,Comedy
953,Drive,Action
954,Promised Land,Drama
955,The Man with the Iron Fists,Action
956,People Like Us,Drama
957,The Artist,Drama
958,Moonrise Kingdom,Drama
959,Vamps,Romantic Comedy
960,The Apparition,Horror
961,Red Lights,Thriller/Suspense
962,Labor Day,Drama
963,Won't Back Down,Drama
964,Bad Teacher,Comedy
965,The Devil's Double,Drama
966,Lockout,Thriller/Suspense
967,A Dangerous Method,Drama
968,The Cold Light of Day,Thriller/Suspense
969,Scary Movie V,Comedy
970,Tinker Tailor Soldier Spy,Thriller/Suspense
971,The Ides of March,Drama
972,Haywire,Thriller/Suspense
973,I Don't Know How She Does It,Comedy
974,Ride Along,Comedy
975,Madea's Big Happy Family,Drama
976,The Lucky One,Drama
977,Contraband,Action
978,The Grey,Thriller/Suspense
979,The Sitter,Comedy
980,Carnage,Drama
981,Shark Night 3D,Horror
982,Ironclad,Action
983,Les petits mouchoirs,Comedy
984,New Year’s Eve,Romantic Comedy
985,The Raven,Thriller/Suspense
986,Lawless,Drama
987,Spy Kids: All the Time in the World,Adventure
988,Anonymous,Thriller/Suspense
989,Joyful Noise,Musical
990,30 Minutes or Less,Comedy
991,Safe Haven,Drama
992,Xinhai geming,Drama
993,Looper,Action
994,The Vow,Drama
995,The Three Stooges,Adventure
996,Hope Springs,Romantic Comedy
997,Lee Daniels' The Butler,Drama
998,The Five-Year Engagement,Romantic Comedy
999,Bridesmaids,Comedy
1000,The Big Wedding,Romantic Comedy
1001,Safe,Action
1002,Step Up Revolution,Drama
1003,In Time,Thriller/Suspense
1004,J. Edgar,Drama
1005,This is 40,Comedy
1006,Premium Rush,Thriller/Suspense
1007,Parker,Thriller/Suspense
1008,Friends with Benefits,Romantic Comedy
1009,Trespass,Thriller/Suspense
1010,There Be Dragons,Drama
1011,Dolphin Tale,Drama
1012,The Thing,Horror
1013,Riddick,Action
1014,Frankenweenie,Adventure
1015,The Odd Life of Timothy Green,Drama
1016,A Thousand Words,Comedy
1017,The Impossible,Drama
1018,Extremely Loud and Incredibly Close,Drama
1019,Colombiana,Thriller/Suspense
1020,The Guilt Trip,Comedy
1021,Un monstre à Paris ,Adventure
1022,Big Miracle,Drama
1023,Final Destination 5,Horror
1024,One for the Money,Comedy
1025,Man on a Ledge,Thriller/Suspense
1026,Here Comes the Boom,Comedy
1027,21 Jump Street,Comedy
1028,The Muppets,Adventure
1029,Dredd,Action
1030,Johnny English Reborn,Adventure
1031,Taken 2,Thriller/Suspense
1032,Anchorman 2: The Legend Continues,Comedy
1033,Hansel & Gretel: Witch Hunters,Action
1034,Ted,Adventure
1035,We Bought a Zoo,Drama
1036,The Change-Up,Comedy
1037,Bullet to the Head,Action
1038,The Equalizer,Action
1039,The Watch,Comedy
1040,The Pirates! Band of Misfits,Adventure
1041,That's My Boy,Comedy
1042,Gangster Squad,Drama
1043,Contagion,Thriller/Suspense
1044,ParaNorman,Adventure
1045,This Means War,Romantic Comedy
1046,Lincoln,Drama
1047,Sin City: A Dame to Kill For,Action
1048,The Dictator,Comedy
1049,Doctor Seuss' The Lorax,Adventure
1050,Abraham Lincoln: Vampire Hunter,Horror
1051,Killer Elite,Action
1052,Rock of Ages,Musical
1053,War Horse,Drama
1054,Underworld: Awakening,Action
1055,Immortals,Action
1056,Sucker Punch,Action
1057,Journey 2: The Mysterious Island,Adventure
1058,Jack and Jill,Comedy
1059,The Hunger Games,Thriller/Suspense
1060,Alvin and the Chipmunks: Chipwrecked,Adventure
1061,The Hangover Part II,Comedy
1062,Arthur Christmas,Adventure
1063,Safe House,Thriller/Suspense
1064,Tower Heist,Comedy
1065,Mirror Mirror,Adventure
1066,Hotel Transylvania,Adventure
1067,Rio,Adventure
1068,The Three Musketeers,Adventure
1069,The Girl with the Dragon Tattoo,Thriller/Suspense
1070,Rise of the Planet of the Apes,Adventure
1071,The Campaign,Comedy
1072,The Wolf of Wall Street,Black Comedy
1073,Django Unchained,Western
1074,Jin líng shí san chai,Drama
1075,Cloud Atlas,Drama
1076,The Smurfs,Adventure
1077,Life of Pi,Drama
1078,Sherlock Holmes: A Game of Shadows,Action
1079,Fast Five,Action
1080,Harry Potter and the Deathly Hallows: Part II,Adventure
1081,Prometheus,Adventure
1082,The Bourne Legacy,Thriller/Suspense
1083,"The Twilight Saga: Breaking Dawn, Part 1",Drama
1084,R.I.P.D.,Action
1085,Puss in Boots,Adventure
1086,The Adventures of Tintin,Adventure
1087,Happy Feet Two,Adventure
1088,Rango,Adventure
1089,Captain America: The First Avenger,Action
1090,Mission: Impossible—Ghost Protocol,Action
1091,Thor,Action
1092,Kung Fu Panda 2,Adventure
1093,Dark Shadows,Black Comedy
1094,X-Men: First Class,Action
1095,Cowboys and Aliens,Action
1096,Snow White and the Huntsman,Adventure
1097,Edge of Tomorrow,Action
1098,Hugo,Adventure
1099,World War Z,Action
1100,Transformers: Dark of the Moon,Action
1101,Jack the Giant Slayer,Adventure
1102,Green Lantern,Action
1103,Cars 2,Adventure
1104,Oz the Great and Powerful,Adventure
1105,Men in Black 3,Adventure
1106,The Amazing Spider-Man,Adventure
1107,Battleship,Action
1108,The Avengers,Action
1109,John Carter,Adventure
1110,Pirates of the Caribbean: On Stranger Tides,Adventure
1111,Atlas Shrugged: Part II,Drama
1112,The Collection,Horror
1113,The Iceman,Drama
1114,Sparkle,Drama
1115,Mud,Drama
1117,Inside Llewyn Davis,Drama
1118,Peeples,Romantic Comedy
1119,Think Like a Man,Romantic Comedy
1120,Katy Perry: Part of Me,Concert/Performance
1121,Ernest et Celestine,Adventure
1122,The Paperboy,Thriller/Suspense
1123,Admission,Romantic Comedy
1124,Seven Psychopaths,Comedy
1125,Fun Size ,Comedy
1126,Mama,Horror
1127,End of Watch,Thriller/Suspense
1128,Killing Them Softly,Thriller/Suspense
1129,Snitch,Thriller/Suspense
1130,The Place Beyond the Pines,Drama
1131,The Reluctant Fundamentalist,Drama
1132,Trance,Thriller/Suspense
1133,Pitch Perfect,Comedy
1134,Evil Dead,Horror
1135,Phantom,Thriller/Suspense
1136,De rouille et d’os,Drama
1137,Silent Hill: Revelation 3D,Horror
1138,Chasing Mavericks,Drama
1139,Texas Chainsaw 3D,Horror
1140,Zambezia,Adventure
1141,Tyler Perry's Madea's Witness Protection,Comedy
1142,Silver Linings Playbook,Drama
1143,To Rome with Love,Romantic Comedy
1144,Diary of a Wimpy Kid: Dog Days,Adventure
1145,Hit & Run,Comedy
1146,Dangerous Liaisons,Drama
1147,Parental Guidance,Adventure
1148,Cirque du Soleil: Worlds Away,Drama
1149,Pain & Gain,Action
1150,Side Effects,Thriller/Suspense
1151,The Last Stand,Action
1152,Warm Bodies,Romantic Comedy
1153,Dead Man Down,Thriller/Suspense
1154,42,Drama
1155,Flight,Drama
1156,The Incredible Burt Wonderstone,Comedy
1157,Broken City,Thriller/Suspense
1158,Alex Cross,Thriller/Suspense
1159,Stolen,Action
1160,What to Expect When You're Expecting,Romantic Comedy
1161,The Master,Drama
1162,Paranoia,Thriller/Suspense
1163,Escape From Planet Earth,Adventure
1164,Argo,Thriller/Suspense
1165,Savages,Thriller/Suspense
1166,Foodfight!,Adventure
1167,Anna Karenina,Drama
1168,The Host,Thriller/Suspense
1169,American Reunion,Comedy
1170,Beautiful Creatures,Thriller/Suspense
1171,Zero Dark Thirty,Drama
1172,Trouble with the Curve,Drama
1173,Jack Reacher,Drama
1174,2 Guns,Action
1175,"I, Frankenstein",Action
1176,Les Miserables,Musical
1177,Resident Evil: Retribution,Action
1178,Escape Plan,Thriller/Suspense
1179,Astérix et Obélix: Au service de Sa Majesté ,Adventure
1180,Walking with Dinosaurs,Adventure
1181,Grown Ups 2,Comedy
1182,Pompeii,Drama
1183,The Secret Life of Walter Mitty,Adventure
1184,A Good Day to Die Hard,Action
1185,Ice Age: Continental Drift,Adventure
1186,The Expendables 2,Action
1187,Ender's Game,Adventure
1188,Gravity,Thriller/Suspense
1189,Oblivion,Thriller/Suspense
1190,Elysium,Action
1191,Total Recall,Action
1192,After Earth,Action
1193,"The Twilight Saga: Breaking Dawn, Part 2",Drama
1194,G.I. Joe: Retaliation,Action
1195,Madagascar 3: Europe's Most Wanted,Adventure
1196,Rise of the Guardians,Adventure
1197,Wrath of the Titans,Adventure
1198,Fast and Furious 6,Action
1199,Wreck-It Ralph,Adventure
1200,Brave,Adventure
1201,The Great Gatsby,Drama
1202,Star Trek Into Darkness,Adventure
1203,Skyfall,Action
1204,Monsters University,Adventure
1205,Iron Man 3,Action
1206,Man of Steel,Action
1207,The Hobbit: An Unexpected Journey,Adventure
1208,The Dark Knight Rises,Action
1209,50 to 1,Drama
1210,Parkland,Drama
1211,Hross i oss,Comedy
1212,One Direction: This is Us,Concert/Performance
1213,"Cinco de Mayo, La Batalla",Action
1214,Paranormal Activity: The Ghost Dimension,Horror
1215,Bad Words,Comedy
1216,The Last Days on Mars,Thriller/Suspense
1217,Philomena,Drama
1218,La grande bellezza,Drama
1219,Nebraska,Drama
1220,About Time,Romantic Comedy
1221,Heaven is for Real,Drama
1222,Project Almanac,Adventure
1223,The Call,Thriller/Suspense
1224,21 and Over,Comedy
1225,Earth to Echo,Adventure
1226,No Good Deed,Thriller/Suspense
1227,Under the Skin,Thriller/Suspense
1228,Hot Tub Time Machine 2,Comedy
1229,Broken Horses,Action
1230,Jackass Presents: Bad Grandpa,Comedy
1231,Khumba,Adventure
1232,The Immigrant,Drama
1233,Zulu,Thriller/Suspense
1234,The Best Man Holiday,Comedy
1235,Black Nativity,Musical
1236,Blue Jasmine,Comedy
1237,Metallica Through the Never,Concert/Performance
1238,The Railway Man,Drama
1239,Jobs,Drama
1240,Neighbors,Comedy
1241,Getaway,Thriller/Suspense
1242,The Book Thief,Drama
1243,The Frozen Ground,Thriller/Suspense
1244,The World's End,Comedy
1245,The Conjuring,Horror
1246,12 Years a Slave,Drama
1247,Machete Kills,Action
1248,This is Where I Leave You,Comedy
1249,Battle of the Year,Drama
1250,Metegol,Adventure
1251,Delivery Man,Comedy
1252,Before I Go to Sleep,Thriller/Suspense
1253,Homefront,Action
1254,Son of God,Drama
1255,Out of the Furnace,Drama
1256,Her,Drama
1257,Redemption,Thriller/Suspense
1258,Dhoom 3,Action
1259,Million Dollar Arm,Drama
1260,The Counselor,Thriller/Suspense
1261,Tyler Perry's A Madea Christmas,Comedy
1262,The Fifth Estate,Drama
1263,Blood Ties,Drama
1264,3 Days to Kill,Thriller/Suspense
1265,Last Vegas,Comedy
1266,"Alexander and the Terrible, Horrible, No Good, Very Bad Day",Adventure
1267,A Walk Among the Tombstones,Action
1268,Kick-Ass 2,Action
1269,The Family,Black Comedy
1270,Space Pirate Captain Harlock,Adventure
1271,Grace of Monaco,Drama
1272,Runner Runner,Thriller/Suspense
1273,Carrie,Horror
1274,The Nut Job,Adventure
1275,The Grand Budapest Hotel,Comedy
1276,This is the End,Comedy
1277,The Young and Prodigious T.S. Spivet,Adventure
1278,Identity Thief,Comedy
1279,Saving Mr. Banks,Drama
1280,Mandela: Long Walk to Freedom,Drama
1281,We're the Millers,Comedy
1282,Rush,Drama
1283,Yi dai zong shi,Action
1284,Lone Survivor,Action
1285,Grudge Match,Comedy
1286,Snowpiercer,Thriller/Suspense
1287,Fifty Shades of Grey,Drama
1288,American Hustle,Black Comedy
1289,The Heat,Comedy
1290,Prisoners,Thriller/Suspense
1291,Disney Planes,Adventure
1292,Non-Stop,Action
1293,Captain Phillips,Drama
1294,Free Birds,Adventure
1295,Muppets Most Wanted,Adventure
1296,The Internship,Comedy
1297,Jack Ryan: Shadow Recruit,Action
1298,Winter's Tale,Drama
1299,The Lego Movie,Adventure
1300,The Mortal Instruments: City of Bones,Adventure
1301,Olympus Has Fallen,Thriller/Suspense
1302,The Monuments Men,Drama
1303,Legends of Oz: Dorothy’s Return,Adventure
1304,The Legend of Hercules,Adventure
1305,Now You See Me,Thriller/Suspense
1306,Despicable Me 2,Adventure
1307,Cloudy with a Chance of Meatballs 2,Adventure
1308,RED 2,Action
1309,Percy Jackson: Sea of Monsters,Adventure
1310,Alvin and the Chipmunks: The Road Chip,Adventure
1311,Pixels,Adventure
1312,Epic,Adventure
1313,Hercules,Action
1314,The Hangover 3,Comedy
1315,300: Rise of an Empire,Action
1316,The Smurfs 2,Adventure
1317,The Wolverine,Action
1318,RoboCop,Action
1319,The Hunger Games: Catching Fire,Adventure
1320,The Croods,Adventure
1321,Turbo,Adventure
1322,How to Train Your Dragon 2,Adventure
1323,Mr. Peabody & Sherman,Adventure
1324,Thor: The Dark World,Action
1325,White House Down,Thriller/Suspense
1326,Frozen,Musical
1327,47 Ronin,Action
1328,Maleficent,Adventure
1329,Pacific Rim,Action
1330,The Amazing Spider-Man 2,Action
1331,Transformers: Age of Extinction,Action
1332,The Hobbit: The Desolation of Smaug,Adventure
1333,The Lone Ranger,Western
1334,Danny Collins,Comedy
1335,Strangerland,Drama
1336,Plastic,Action
1337,Big Eyes,Drama
1338,American Heist,Action
1339,Rosewater,Drama
1340,Elsa & Fred,Comedy
1341,While We're Young,Comedy
1342,Jungle Shuffle,Adventure
1343,Barbecue,Comedy
1344,La famille Bélier,Comedy
1345,If I Stay,Drama
1346,Woman in Gold,Drama
1347,Brooklyn,Drama
1348,The Fault in Our Stars,Drama
1349,Trash,Adventure
1350,Top Five,Comedy
1351,The Drop,Drama
1352,About Last Night,Romantic Comedy
1353,St. Vincent,Comedy
1354,Ex Machina,Thriller/Suspense
1355,Suffragette,Drama
1356,Mr. Turner,Drama
1357,Freedom,Drama
1358,Wild,Drama
1359,The Imitation Game,Drama
1360,When the Game Stands Tall,Drama
1361,The November Man,Thriller/Suspense
1362,A Most Wanted Man,Thriller/Suspense
1363,Autómata,Thriller/Suspense
1364,The Theory of Everything,Drama
1365,"Men, Women and Children",Comedy
1366,The Homesman,Western
1367,Left Behind,Thriller/Suspense
1368,Let’s Be Cops,Comedy
1369,Escobar: Paradise Lost,Drama
1370,"Mune, le gardien de la lune",Adventure
1371,"McFarland, USA",Drama
1372,And So It Goes,Comedy
1373,Birdman or (The Unexpected Virtue of Ignorance),Black Comedy
1374,Wolves,Horror
1375,Tammy,Comedy
1376,Endless Love,Drama
1377,A Most Violent Year,Drama
1378,Selma,Drama
1379,Burnt,Comedy
1380,The Light Between Oceans,Drama
1381,Inherent Vice,Drama
1382,Little Boy,Drama
1383,The Hundred-Foot Journey,Romantic Comedy
1384,The Water Diviner,Drama
1385,The Wedding Ringer,Comedy
1386,Think Like a Man Too,Romantic Comedy
1387,Draft Day,Drama
1388,The Gambler,Drama
1389,Jane Got a Gun,Western
1390,The Giver,Drama
1391,Yi ge ren de wu lin,Action
1392,Red Sky,Action
1393,Accidental Love,Comedy
1394,The Best of Me,Drama
1395,Viy,Adventure
1396,Brick Mansions,Action
1397,Our Brand is Crisis,Drama
1398,Pitch Perfect 2,Comedy
1399,John Wick,Action
1400,Get on Up,Drama
1401,Wild Card,Action
1402,United Passions,Drama
1403,Deliver Us from Evil,Horror
1404,Thunder and the House of Magic,Adventure
1405,The Maze Runner,Thriller/Suspense
1406,Hitman: Agent 47,Action
1407,Sabotage,Action
1408,Poltergeist,Horror
1409,Unfinished Business,Comedy
1410,Dolphin Tale 2,Drama
1411,Aloha,Drama
1412,Victor Frankenstein,Thriller/Suspense
1413,A Million Ways to Die in The West,Comedy
1414,Lucy,Action
1415,The Other Woman,Comedy
1416,Dragon Nest Warriors' Dawn,Adventure
1417,Dumb and Dumber To,Comedy
1418,Sex Tape,Comedy
1419,Jersey Boys,Drama
1420,Horrible Bosses 2,Comedy
1421,The Interview,Comedy
1422,Blended,Romantic Comedy
1423,Chappie,Action
1424,The Judge,Drama
1425,Child 44,Thriller/Suspense
1426,22 Jump Street,Comedy
1427,Planes: Fire and Rescue,Adventure
1428,Into the Storm,Thriller/Suspense
1429,The Book of Life,Adventure
1430,Paddington,Adventure
1431,Into the Woods,Musical
1432,American Sniper,Drama
1433,The Boxtrolls,Adventure
1434,Gone Girl,Thriller/Suspense
1435,Annie,Musical
1436,Unbroken,Drama
1437,Spy!,Comedy
1438,Need for Speed,Action
1439,Ted 2,Comedy
1440,Dracula Untold,Action
1441,Blackhat,Thriller/Suspense
1442,The SpongeBob Movie: Sponge Out of Water,Adventure
1443,Minions,Adventure
1444,Fury,Drama
1445,Divergent,Adventure
1446,Kingsman: The Secret Service,Action
1447,Cinderella,Drama
1448,Seventh Son,Adventure
1449,In the Heart of the Sea,Adventure
1450,The Expendables 3,Action
1451,Transcendence,Thriller/Suspense
1452,San Andreas,Adventure
1453,The Divergent Series: Insurgent,Action
1454,Teenage Mutant Ninja Turtles,Adventure
1455,The Hunger Games: Mockingjay - Part 1,Thriller/Suspense
1456,Night at the Museum: Secret of the Tomb,Adventure
1457,Rio 2,Adventure
1458,Noah,Drama
1459,Home,Adventure
1460,Penguins of Madagascar,Adventure
1461,Exodus: Gods and Kings,Drama
1462,Mad Max: Fury Road,Action
1463,Godzilla,Action
1464,Big Hero 6,Adventure
1465,Interstellar,Adventure
1466,Captain America: The Winter Soldier,Action
1467,Guardians of the Galaxy,Action
1468,Dawn of the Planet of the Apes,Adventure
1469,Tomorrowland,Adventure
1470,Inside Out,Adventure
1471,Jupiter Ascending,Action
1472,The Good Dinosaur,Adventure
1473,Furious 7,Action
1474,X-Men: Days of Future Past,Action
1475,Jurassic World,Action
1476,The Hobbit: The Battle of the Five Armies,Adventure
1477,Avengers: Age of Ultron,Action
1478,Sinister 2,Horror
1479,Free Fire,Action
1480,The Forest,Thriller/Suspense
1481,When the Bough Breaks,Thriller/Suspense
1482,Insidious Chapter 3,Horror
1483,The Second Best Exotic Marigold Hotel,Comedy
1484,Shut In,Thriller/Suspense
1485,Everybody Wants Some,Comedy
1486,The Boy,Horror
1487,Misconduct,Thriller/Suspense
1488,Dirty Grandpa,Comedy
1489,Carol,Drama
1490,The Dressmaker,Drama
1491,Lion,Drama
1492,10 Days in a Madhouse,Drama
1493,San cheng ji,Drama
1494,Paper Towns,Drama
1495,Brothers,Action
1496,Bajrangi Bhaijaan,Action
1497,Miracles from Heaven,Drama
1498,Eye in the Sky,Thriller/Suspense
1499,Youth,Drama
1500,Room,Drama
1501,Robinson Crusoe,Adventure
1502,The Vatican Tapes,Horror
1503,Woodlawn,Drama
1504,Magic Mike XXL,Comedy
1505,Krampus,Black Comedy
1506,Scouts Guide to the Zombie Apocalypse,Comedy
1507,Cìkè Niè Yinniáng,Drama
1508,The Disappointments Room,Horror
1509,In Dubious Battle,Drama
1510,Chiamatemi Francesco - Il papa della gente,Drama
1511,Bleed for This,Drama
1512,The Young Messiah,Drama
1513,Genius,Drama
1514,Midnight Special,Drama
1515,Love the Coopers,Comedy
1516,Norm of the North,Adventure
1517,The Perfect Guy,Thriller/Suspense
1518,Ricki and the Flash,Drama
1519,My Big Fat Greek Wedding 2,Comedy
1520,Risen,Drama
1521,Barbershop: The Next Cut,Comedy
1522,Spotlight,Drama
1523,Regression,Thriller/Suspense
1524,Triple 9,Thriller/Suspense
1525,My All-American,Drama
1526,By the Sea,Drama
1527,Survivor,Thriller/Suspense
1528,Secret in Their Eyes,Thriller/Suspense
1529,Hands of Stone,Drama
1530,Me Before You,Drama
1531,Max,Adventure
1532,Kidnap,Thriller/Suspense
1533,Bitter Harvest,Drama
1534,The Transporter Refueled,Action
1535,"Hail, Caesar!",Comedy
1536,Eddie the Eagle,Drama
1537,Tulip Fever,Drama
1538,Shaun the Sheep,Adventure
1539,The Night Before,Comedy
1540,Legend,Thriller/Suspense
1541,The 33,Drama
1542,Self/Less,Thriller/Suspense
1543,The Big Short,Drama
1544,Straight Outta Compton,Drama
1545,Pride and Prejudice and Zombies,Black Comedy
1546,American Ultra,Black Comedy
1547,The Boss,Comedy
1548,Collide,Action
1549,Steve Jobs,Drama
1550,Sicario,Thriller/Suspense
1551,Savva. Serdtse voyna,Adventure
1552,Entourage,Comedy
1553,Sisters,Comedy
1554,The Age of Adaline,Drama
1555,Southpaw,Drama
1556,Vacation,Comedy
1557,Criminal,Action
1558,Freaks of Nature,Black Comedy
1559,The Longest Ride,Drama
1560,The Brothers Grimsby,Comedy
1561,Hot Pursuit,Comedy
1562,The Lovers,Adventure
1563,Trainwreck,Comedy
1564,Concussion,Drama
1565,A Hologram for the King,Drama
1566,The Walk,Drama
1567,Queen of the Desert,Drama
1568,Collateral Beauty,Drama
1569,Yip Man 3,Action
1570,Creed,Drama
1571,How to be Single,Romantic Comedy
1572,Paul Blart: Mall Cop 2,Adventure
1573,The 5th Wave,Action
1574,The Gunman,Thriller/Suspense
1575,Get Hard,Comedy
1576,The Accountant,Thriller/Suspense
1577,Bridge of Spies,Thriller/Suspense
1578,Baahubali: The Beginning,Action
1579,The Intern,Comedy
1580,The Conjuring 2: The Enfield Poltergeist,Horror
1581,Billy Lynn’s Long Halftime Walk,Drama
1582,Pourquoi j'ai pas mangé mon père,Adventure
1583,Taken 3,Action
1584,The Nice Guys,Black Comedy
1585,War Dogs,Comedy
1586,Zoolander 2,Comedy
1587,Snowden,Drama
1588,Free State of Jones,Drama
1589,Run All Night,Action
1590,13 Hours: The Secret Soldiers of Benghazi,Drama
1591,Daddy’s Home,Comedy
1592,Black Mass,Drama
1593,Crimson Peak,Horror
1594,Zhuo yao ji,Adventure
1595,Deadpool,Action
1596,Goosebumps,Horror
1597,Mortdecai,Adventure
1598,Joy,Drama
1599,Xi You Ji zhi Sun Wu Kong San Da Bai Gu Jing,Action
1600,London Has Fallen,Action
1601,Maze Runner: The Scorch Trials,Thriller/Suspense
1602,The Hateful Eight,Western
1603,Everest,Thriller/Suspense
1604,Tian jiang xiong shi,Action
1605,Live by Night,Drama
1606,Focus,Romantic Comedy
1607,The Angry Birds Movie,Adventure
1608,The Secret Life of Pets,Adventure
1609,The Man From U.N.C.L.E.,Action
1610,The Little Prince,Adventure
1611,The Last Witch Hunter,Action
1612,Hotel Transylvania 2,Adventure
1613,Ben-Hur,Drama
1614,The Peanuts Movie,Adventure
1615,Point Break,Action
1616,The Martian,Thriller/Suspense
1617,The Divergent Series: Allegiant,Action
1618,The Huntsman: Winter’s War,Action
1619,Fantastic Four,Action
1620,Monster Trucks,Adventure
1621,Ant-Man,Action
1622,The Revenant,Adventure
1623,Teenage Mutant Ninja Turtles: Out of the Shadows,Adventure
1624,Kung Fu Panda 3,Adventure
1625,Gods of Egypt,Adventure
1626,Mission: Impossible—Rogue Nation,Action
1627,Zootopia,Adventure
1628,Pan,Adventure
1629,Terminator: Genisys,Action
1630,Deepwater Horizon,Drama
1631,Warcraft,Action
1632,The Hunger Games: Mockingjay - Part 2,Thriller/Suspense
1633,Independence Day: Resurgence,Action
1634,The Jungle Book,Adventure
1635,X-Men: Apocalypse,Action
1636,The Legend of Tarzan,Adventure
1637,Finding Dory,Adventure
1638,Batman v Superman: Dawn of Justice,Action
1639,Captain America: Civil War,Action
1640,Spectre,Action
1641,Star Wars Ep. VII: The Force Awakens,Adventure
1642,Kevin Hart: What Now?,Concert/Performance
1643,Kicks,Adventure
1644,Don’t Breathe,Horror
1645,Max Steel,Action
1646,Blair Witch,Horror
1647,The Purge: Election Year,Horror
1648,Churchill,Drama
1649,The Birth of a Nation,Drama
1650,Gotti,Drama
1651,Denial,Drama
1652,How to Be a Latin Lover,Comedy
1653,Sultan,Action
1654,Unforgettable,Thriller/Suspense
1655,Wish Upon,Horror
1656,Hell or High Water,Western
1657,Operation Chromite,Action
1658,The Shallows,Drama
1659,The Founder,Drama
1660,Keanu,Comedy
1661,Annabelle: Creation,Horror
1662,Home Again,Romantic Comedy
1663,Almost Christmas,Drama
1664,The Circle,Thriller/Suspense
1665,Miss Sloane,Drama
1666,T2: Trainspotting,Drama
1667,I Am Wrath,Action
1668,Sausage Party,Comedy
1669,La La Land,Musical
1670,Ratchet and Clank,Adventure
1671,LBJ,Drama
1672,Wonder,Drama
1673,Bad Moms,Comedy
1674,Rough Night,Black Comedy
1675,Nerve,Thriller/Suspense
1676,Tyler Perry’s Boo! A Madea Halloween,Comedy
1677,The Zookeeper’s Wife,Drama
1678,The History of Love,Drama
1679,Popstar: Never Stop Never Stopping,Comedy
1680,Diary of a Wimpy Kid: The Long Haul,Adventure
1681,Nocturnal Animals,Thriller/Suspense
1682,Going in Style,Comedy
1683,Fences,Drama
1684,A Dog’s Purpose,Drama
1685,Hidden Figures,Drama
1686,CHiPS,Action
1687,Fist Fight,Comedy
1688,Father Figures,Comedy
1689,Mother’s Day,Romantic Comedy
1690,Rings,Horror
1691,Rules Don’t Apply,Romantic Comedy
1692,Money Monster,Thriller/Suspense
1693,Florence Foster Jenkins,Drama
1694,Ballerina,Adventure
1695,The Lost City of Z,Action
1696,Baahubali 2: The Conclusion,Action
1697,Bilal: A New Breed of Hero,Adventure
1698,The Space Between Us,Drama
1699,Birth of the Dragon,Action
1700,Mike and Dave Need Wedding Dates,Comedy
1701,Whiskey Tango Foxtrot,Comedy
1702,Bridget Jones’s Baby,Romantic Comedy
1703,Neighbors 2: Sorority Rising,Comedy
1704,Underworld: Blood Wars,Action
1705,Why Him?,Comedy
1706,USS Indianapolis: Men of Courage,Drama
1707,John Wick: Chapter Two,Action
1708,Patriots Day,Thriller/Suspense
1709,Hacksaw Ridge,Drama
1710,The House,Comedy
1711,Mechanic: Resurrection,Action
1712,Ride Along 2,Comedy
1713,The Nut Job 2: Nutty by Nature,Adventure
1714,Resident Evil: The Final Chapter,Action
1715,The Commuter,Action
1716,A Monster Calls,Drama
1717,All Eyez on Me,Drama
1718,The Girl on the Train,Thriller/Suspense
1719,Office Christmas Party,Comedy
1720,Silence,Drama
1721,Arrival,Drama
1722,The Infiltrator,Thriller/Suspense
1723,Central Intelligence,Comedy
1724,Fifty Shades Darker,Drama
1725,Kubo and the Two Strings,Adventure
1726,Life,Thriller/Suspense
1727,Rock Dog,Adventure
1728,Sully,Drama
1729,Jack Reacher: Never Go Back,Action
1730,Smurfs: The Lost Village,Adventure
1731,Mei Ren Yu,Romantic Comedy
1732,American Assassin,Thriller/Suspense
1733,Pete’s Dragon,Adventure
1734,The Finest Hours,Thriller/Suspense
1735,The Lego Ninjago Movie,Adventure
1736,Storks,Adventure
1737,Inferno,Thriller/Suspense
1738,Sing,Adventure
1739,Renegades,Action
1740,The Lego Batman Movie,Adventure
1741,The Greatest Showman,Musical
1742,xXx: Return of Xander Cage,Action
1743,Jumanji: Welcome to the Jungle,Adventure
1744,The Promise,Drama
1745,Now You See Me 2,Thriller/Suspense
1746,The Magnificent Seven,Western
1747,Alien: Covenant,Horror
1748,Ice Age: Collision Course,Adventure
1749,Allied,Drama
1750,Ghost in the Shell,Action
1751,Miss Peregrine’s Home for Peculiar Children,Adventure
1752,Passengers,Thriller/Suspense
1753,Jason Bourne,Action
1754,Power Rangers,Action
1755,Trolls,Adventure
1756,Assassin’s Creed,Action
1757,The Boss Baby,Adventure
1758,Logan,Action
1759,The BFG,Adventure
1760,Ghostbusters,Comedy
1761,The Great Wall,Action
1762,Wonder Woman,Action
1763,Moana,Musical
1764,Beauty and the Beast,Musical
1765,Doctor Strange,Action
1766,Alice Through the Looking Glass,Adventure
1767,King Arthur: Legend of the Sword,Adventure
1768,Spider-Man: Homecoming,Action
1769,Suicide Squad,Action
1770,Fantastic Beasts and Where to Find Them,Adventure
1771,Kong: Skull Island,Adventure
1772,Star Trek Beyond,Adventure
1773,The Mummy,Adventure
1774,Guardians of the Galaxy Vol 2,Action
1775,Rogue One: A Star Wars Story,Adventure
1776,Pirates of the Caribbean: Dead Men Tell No Tales,Adventure
1777,The Fate of the Furious,Action
1778,Jigsaw,Horror
1779,Lady Bird,Drama
1780,Insidious: The Last Key,Horror
1781,"Love, Simon",Drama
1782,Hereditary,Horror
1783,Teen Titans Go! To The Movies,Adventure
1784,Book Club,Comedy
1785,"Everything, Everything",Drama
1786,"I, Tonya",Black Comedy
1787,Fighting With My Family,Comedy
1788,"Three Billboards Outside Ebbing, Missouri",Black Comedy
1789,Marshall,Drama
1790,Overboard,Romantic Comedy
1791,The First Purge,Horror
1792,BlacKkKlansman,Thriller/Suspense
1793,Hotel Artemis,Thriller/Suspense
1794,Superfly,Action
1795,A Quiet Place,Horror
1796,Action Point,Comedy
1797,The Shape of Water,Drama
1798,Flatliners,Thriller/Suspense
1799,Tyler Perry’s Boo 2! A Madea Halloween,Comedy
1800,Acrimony,Thriller/Suspense
1801,Suspiria,Horror
1802,A Simple Favor,Thriller/Suspense
1803,Jìyì dàshī,Thriller/Suspense
1804,Thank You for Your Service,Drama
1805,The Star,Adventure
1806,Blockers,Comedy
1807,Just Getting Started,Comedy
1808,"Roman J. Israel, Esq.",Drama
1809,Chāi dàn zhuānjiā,Action
1810,Battle of the Sexes,Drama
1811,Beautiful Boy,Drama
1812,Matilda,Drama
1813,Tag,Comedy
1814,A Bad Moms Christmas,Comedy
1815,Girls Trip,Comedy
1816,Logan Lucky,Comedy
1817,Night School,Comedy
1818,Molly’s Game,Drama
1819,mother!,Thriller/Suspense
1820,Life of the Party,Comedy
1821,Atomic Blonde,Thriller/Suspense
1822,Kin,Action
1823,Death Wish,Action
1824,White Boy Rick,Drama
1825,Den of Thieves,Action
1826,The Hitman’s Bodyguard,Action
1827,Darkest Hour,Drama
1828,The 15:17 to Paris,Drama
1829,Proud Mary,Action
1830,I Feel Pretty,Comedy
1831,Baby Driver,Thriller/Suspense
1832,Adrift,Drama
1833,It,Horror
1834,Sicario: Day of the Soldado,Action
1835,The Snowman,Thriller/Suspense
1836,12 Strong,Drama
1837,The Foreigner,Action
1838,A Star is Born,Drama
1839,Game Night,Comedy
1840,The Upside,Comedy
1841,The Sisters Brothers,Western
1842,Captain Underpants: The First Epic Movie,Adventure
1843,Only the Brave,Drama
1844,The House with a Clock in its Walls,Horror
1845,The Hurricane Heist,Thriller/Suspense
1846,Snatched,Comedy
1847,The Girl in the Spider’s Web,Thriller/Suspense
1848,Pitch Perfect 3,Comedy
1849,American Made,Thriller/Suspense
1850,The Post,Drama
1851,Peter Rabbit,Adventure
1852,The Emoji Movie,Adventure
1853,Early Man,Adventure
1854,Murder on the Orient Express,Drama
1855,Annihilation,Thriller/Suspense
1856,Fifty Shades Freed,Drama
1857,Sherlock Gnomes,Adventure
1858,The Dark Tower,Western
1859,Baywatch,Comedy
1860,Maze Runner: The Death Cure,Thriller/Suspense
1861,Hotel Transylvania 3: Summer Vacation,Adventure
1862,Downsizing,Comedy
1863,Red Sparrow,Thriller/Suspense
1864,Ocean’s 8,Action
1865,Daddy’s Home 2,Comedy
1866,Despicable Me 3,Adventure
1867,The Equalizer 2,Action
1868,The Predator,Action
1869,Tomb Raider,Action
1870,Geostorm,Action
1871,Bumblebee,Adventure
1872,A Wrinkle in Time,Adventure
1873,Kingsman: The Golden Circle,Action
1874,Deadpool 2,Action
1875,Ferdinand,Adventure
1876,Rampage,Action
1877,Skyscraper,Action
1878,Ant-Man and the Wasp,Action
1879,Ready Player One,Adventure
1880,Dunkirk,Action
1881,War for the Planet of the Apes,Action
1882,Pacific Rim: Uprising,Action
1883,Jurassic World: Fallen Kingdom,Action
1884,Cars 3,Adventure
1885,Coco,Musical
1886,The Meg,Action
1887,Thor: Ragnarok,Action
1888,Valerian and the City of a Thousand Planets,Adventure
1889,Blade Runner 2049,Thriller/Suspense
1890,Incredibles 2,Adventure
1891,Black Panther,Action
1892,Transformers: The Last Knight,Action
1893,Solo: A Star Wars Story,Adventure
1894,Justice League,Action
1895,Avengers: Infinity War,Action
1896,Star Wars Ep. VIII: The Last Jedi,Adventure
1897,Halloween,Horror
1898,PMC: deo beong-keo,Action
1899,Miss Bala,Action
1900,Second Act,Comedy
1901,Nobody’s Fool,Drama
1902,What Men Want,Comedy
1903,Glass,Thriller/Suspense
1904,Serenity,Thriller/Suspense
1905,Peppermint,Action
1906,Green Book,Comedy
1907,Crazy Rich Asians,Romantic Comedy
1908,Isn’t it Romantic,Romantic Comedy
1909,Bad Times at the El Royale,Thriller/Suspense
1910,Goosebumps 2: Haunted Halloween,Horror
1911,Mile 22,Action
1912,Widows,Thriller/Suspense
1913,Holmes & Watson,Comedy
1914,Instant Family,Comedy
1915,The Mule,Drama
1916,Creed II,Drama
1917,Bohemian Rhapsody,Drama
1918,The Kid Who Would Be King,Adventure
1919,Vice,Black Comedy
1920,First Man,Drama
1921,Christopher Robin,Adventure
1922,Dr. Seuss’ The Grinch,Adventure
1923,Smallfoot,Adventure
1924,Spider-Man: Into The Spider-Verse 3D,Adventure
1925,The LEGO Movie 2: The Second Part,Adventure
1926,Robin Hood,Action
1927,Mortal Engines,Action
1928,Venom,Action
1929,How to Train Your Dragon: The Hidden World,Adventure
1930,Mary Poppins Returns,Musical
1931,The Nutcracker and the Four Realms,Adventure
1932,Aquaman,Action
1933,Ralph Breaks The Internet,Adventure
1934,Mission: Impossible—Fallout,Action
1935,Fantastic Beasts: The Crimes of Grindelwald,Adventure
